bucket,n,mean_pred,obs_rate
"[0.0233,0.0373]",8,0.030208333333333344,0
"(0.0373,0.107]",8,0.06354166666666668,0.125
"(0.107,0.75]",7,0.4776190476190476,0.2857142857142857
"(0.75,0.977]",12,0.8627777777777778,0.8333333333333334
"(0.977,0.99]",4,0.9833333333333334,1
