set,estimator,k,pooled_rr,ci_lb,ci_ub,i2,tau2,pval
Human,DL random-effects,3,0.4236759128283161,0.20232400509545886,0.8871971421592612,41.318249111421665,0.17658114562264976,0.022764946155957564
LLM,DL random-effects,2,0.30359722844559944,0.11191901532152826,0.8235533242948377,41.08960392603037,0.23133118843862688,0.019219988669419312
LLM,Fixed-effect,2,0.336890763035668,0.16706857040148457,0.6793341557063213,NA,0,0.0023622373464796554
