error_type,include_votes,exclude_votes,primary_include_votes,primary_exclude_votes,escalation_include_votes,escalation_exclude_votes,mean_include_probability,mean_signed_confidence
false_negative,0.5,5.5,0.0,3.0,0.5,2.5,0.14333333333333334,-0.7733333333333334
false_positive,3.306122448979592,2.4489795918367347,1.3061224489795917,1.6938775510204083,2.0,0.7551020408163265,0.4945238095238095,0.08636054421768709
true_negative,0.4031746031746032,5.5968253968253965,0.1746031746031746,2.8253968253968256,0.22857142857142856,2.7714285714285714,0.10494179894179896,-0.8278624338624337
true_positive,3.0,1.0,2.3095238095238093,0.6904761904761905,0.6904761904761905,0.30952380952380953,0.7993650793650793,0.6326984126984128
